Domain Code,Domain,Area Code,Area,Element Code,Element,Item Code,Item,Year Code,Year,Unit,Value,Flag,Flag Description,Note
"OA","Annual population","2","Afghanistan","511","Total Population - Both sexes","3010","Population - Est. & Proj.","2013","2013","1000 persons","32269.589","X","International reliable sources",""
"OA","Annual population","2","Afghanistan","511","Total Population - Both sexes","3010","Population - Est. & Proj.","2017","2017","1000 persons","36296.113","X","International reliable sources",""
"OA","Annual population","3","Albania","511","Total Population - Both sexes","3010","Population - Est. & Proj.","2013","2013","1000 persons","2903.79","X","International reliable sources",""
"OA","Annual population","3","Albania","511","Total Population - Both sexes","3010","Population - Est. & Proj.","2017","2017","1000 persons","2884.169","X","International reliable sources",""
"OA","Annual population","4","Algeria","511","Total Population - Both sexes","3010","Population - Est. & Proj.","2013","2013","1000 persons","38140.133","X","International reliable sources",""
"OA","Annual population","4","Algeria","511","Total Population - Both sexes","3010","Population - Est. & Proj.","2017","2017","1000 persons","41389.189","X","International reliable sources",""
"OA","Annual population","5","American Samoa","511","Total Population - Both sexes","3010","Population - Est. & Proj.","2013","2013","1000 persons","55.713","X","International reliable sources",""
"OA","Annual population","5","American Samoa","511","Total Population - Both sexes","3010","Population - Est. & Proj.","2017","2017","1000 persons","55.62","X","International reliable sources",""
"OA","Annual population","6","Andorra","511","Total Population - Both sexes","3010","Population - Est. & Proj.","2013","2013","1000 persons","80.774","X","International reliable sources",""
"OA","Annual population","6","Andorra","511","Total Population - Both sexes","3010","Population - Est. & Proj.","2017","2017","1000 persons","77.001","X","International reliable sources",""
"OA","Annual population","7","Angola","511","Total Population - Both sexes","3010","Population - Est. & Proj.","2013","2013","1000 persons","26015.781","X","International reliable sources",""
"OA","Annual population","7","Angola","511","Total Population - Both sexes","3010","Population - Est. & Proj.","2017","2017","1000 persons","29816.766","X","International reliable sources",""
"OA","Annual population","258","Anguilla","511","Total Population - Both sexes","3010","Population - Est. & Proj.","2013","2013","1000 persons","13.954","X","International reliable sources",""
"OA","Annual population","258","Anguilla","511","Total Population - Both sexes","3010","Population - Est. & Proj.","2017","2017","1000 persons","14.584","X","International reliable sources",""
"OA","Annual population","8","Antigua and Barbuda","511","Total Population - Both sexes","3010","Population - Est. & Proj.","2013","2013","1000 persons","91.516","X","International reliable sources",""
"OA","Annual population","8","Antigua and Barbuda","511","Total Population - Both sexes","3010","Population - Est. & Proj.","2017","2017","1000 persons","95.426","X","International reliable sources",""
"OA","Annual population","9","Argentina","511","Total Population - Both sexes","3010","Population - Est. & Proj.","2013","2013","1000 persons","42196.03","X","International reliable sources",""
"OA","Annual population","9","Argentina","511","Total Population - Both sexes","3010","Population - Est. & Proj.","2017","2017","1000 persons","43937.14","X","International reliable sources",""
"OA","Annual population","1","Armenia","511","Total Population - Both sexes","3010","Population - Est. & Proj.","2013","2013","1000 persons","2897.588","X","International reliable sources",""
"OA","Annual population","1","Armenia","511","Total Population - Both sexes","3010","Population - Est. & Proj.","2017","2017","1000 persons","2944.791","X","International reliable sources",""
"OA","Annual population","22","Aruba","511","Total Population - Both sexes","3010","Population - Est. & Proj.","2013","2013","1000 persons","103.159","X","International reliable sources",""
"OA","Annual population","22","Aruba","511","Total Population - Both sexes","3010","Population - Est. & Proj.","2017","2017","1000 persons","105.366","X","International reliable sources",""
"OA","Annual population","10","Australia","511","Total Population - Both sexes","3010","Population - Est. & Proj.","2013","2013","1000 persons","23254.913","X","International reliable sources",""
"OA","Annual population","10","Australia","511","Total Population - Both sexes","3010","Population - Est. & Proj.","2017","2017","1000 persons","24584.62","X","International reliable sources",""
"OA","Annual population","11","Austria","511","Total Population - Both sexes","3010","Population - Est. & Proj.","2013","2013","1000 persons","8556.189","X","International reliable sources",""
"OA","Annual population","11","Austria","511","Total Population - Both sexes","3010","Population - Est. & Proj.","2017","2017","1000 persons","8819.901","X","International reliable sources",""
"OA","Annual population","52","Azerbaijan","511","Total Population - Both sexes","3010","Population - Est. & Proj.","2013","2013","1000 persons","9385.468","X","International reliable sources",""
"OA","Annual population","52","Azerbaijan","511","Total Population - Both sexes","3010","Population - Est. & Proj.","2017","2017","1000 persons","9845.32","X","International reliable sources",""
"OA","Annual population","12","Bahamas","511","Total Population - Both sexes","3010","Population - Est. & Proj.","2013","2013","1000 persons","367.169","X","International reliable sources",""
"OA","Annual population","12","Bahamas","511","Total Population - Both sexes","3010","Population - Est. & Proj.","2017","2017","1000 persons","381.755","X","International reliable sources",""
"OA","Annual population","13","Bahrain","511","Total Population - Both sexes","3010","Population - Est. & Proj.","2013","2013","1000 persons","1315.028","X","International reliable sources",""
"OA","Annual population","13","Bahrain","511","Total Population - Both sexes","3010","Population - Est. & Proj.","2017","2017","1000 persons","1494.076","X","International reliable sources",""
"OA","Annual population","16","Bangladesh","511","Total Population - Both sexes","3010","Population - Est. & Proj.","2013","2013","1000 persons","152761.418","X","International reliable sources",""
"OA","Annual population","16","Bangladesh","511","Total Population - Both sexes","3010","Population - Est. & Proj.","2017","2017","1000 persons","159685.424","X","International reliable sources",""
"OA","Annual population","14","Barbados","511","Total Population - Both sexes","3010","Population - Est. & Proj.","2013","2013","1000 persons","284.296","X","International reliable sources",""
"OA","Annual population","14","Barbados","511","Total Population - Both sexes","3010","Population - Est. & Proj.","2017","2017","1000 persons","286.232","X","International reliable sources",""
"OA","Annual population","57","Belarus","511","Total Population - Both sexes","3010","Population - Est. & Proj.","2013","2013","1000 persons","9423.506","X","International reliable sources",""
"OA","Annual population","57","Belarus","511","Total Population - Both sexes","3010","Population - Est. & Proj.","2017","2017","1000 persons","9450.231","X","International reliable sources",""
"OA","Annual population","255","Belgium","511","Total Population - Both sexes","3010","Population - Est. & Proj.","2013","2013","1000 persons","11154.009","X","International reliable sources",""
"OA","Annual population","255","Belgium","511","Total Population - Both sexes","3010","Population - Est. & Proj.","2017","2017","1000 persons","11419.748","X","International reliable sources",""
"OA","Annual population","23","Belize","511","Total Population - Both sexes","3010","Population - Est. & Proj.","2013","2013","1000 persons","345.715","X","International reliable sources",""
"OA","Annual population","23","Belize","511","Total Population - Both sexes","3010","Population - Est. & Proj.","2017","2017","1000 persons","375.769","X","International reliable sources",""
"OA","Annual population","53","Benin","511","Total Population - Both sexes","3010","Population - Est. & Proj.","2013","2013","1000 persons","10004.591","X","International reliable sources",""
"OA","Annual population","53","Benin","511","Total Population - Both sexes","3010","Population - Est. & Proj.","2017","2017","1000 persons","11175.198","X","International reliable sources",""
"OA","Annual population","17","Bermuda","511","Total Population - Both sexes","3010","Population - Est. & Proj.","2013","2013","1000 persons","64.386","X","International reliable sources",""
"OA","Annual population","17","Bermuda","511","Total Population - Both sexes","3010","Population - Est. & Proj.","2017","2017","1000 persons","63.049","X","International reliable sources",""
"OA","Annual population","18","Bhutan","511","Total Population - Both sexes","3010","Population - Est. & Proj.","2013","2013","1000 persons","710.237","X","International reliable sources",""
"OA","Annual population","18","Bhutan","511","Total Population - Both sexes","3010","Population - Est. & Proj.","2017","2017","1000 persons","745.563","X","International reliable sources",""
"OA","Annual population","19","Bolivia (Plurinational State of)","511","Total Population - Both sexes","3010","Population - Est. & Proj.","2013","2013","1000 persons","10542.377","X","International reliable sources",""
"OA","Annual population","19","Bolivia (Plurinational State of)","511","Total Population - Both sexes","3010","Population - Est. & Proj.","2017","2017","1000 persons","11192.855","X","International reliable sources",""
"OA","Annual population","278","Bonaire, Sint Eustatius and Saba","511","Total Population - Both sexes","3010","Population - Est. & Proj.","2013","2013","1000 persons","23.505","X","International reliable sources",""
"OA","Annual population","278","Bonaire, Sint Eustatius and Saba","511","Total Population - Both sexes","3010","Population - Est. & Proj.","2017","2017","1000 persons","25.401","X","International reliable sources",""
"OA","Annual population","80","Bosnia and Herzegovina","511","Total Population - Both sexes","3010","Population - Est. & Proj.","2013","2013","1000 persons","3542.606","X","International reliable sources",""
"OA","Annual population","80","Bosnia and Herzegovina","511","Total Population - Both sexes","3010","Population - Est. & Proj.","2017","2017","1000 persons","3351.525","X","International reliable sources",""
"OA","Annual population","20","Botswana","511","Total Population - Both sexes","3010","Population - Est. & Proj.","2013","2013","1000 persons","2062.548","X","International reliable sources",""
"OA","Annual population","20","Botswana","511","Total Population - Both sexes","3010","Population - Est. & Proj.","2017","2017","1000 persons","2205.08","X","International reliable sources",""
"OA","Annual population","21","Brazil","511","Total Population - Both sexes","3010","Population - Est. & Proj.","2013","2013","1000 persons","201035.912","X","International reliable sources",""
"OA","Annual population","21","Brazil","511","Total Population - Both sexes","3010","Population - Est. & Proj.","2017","2017","1000 persons","207833.823","X","International reliable sources",""
"OA","Annual population","239","British Virgin Islands","511","Total Population - Both sexes","3010","Population - Est. & Proj.","2013","2013","1000 persons","28.847","X","International reliable sources",""
"OA","Annual population","239","British Virgin Islands","511","Total Population - Both sexes","3010","Population - Est. & Proj.","2017","2017","1000 persons","29.577","X","International reliable sources",""
"OA","Annual population","26","Brunei Darussalam","511","Total Population - Both sexes","3010","Population - Est. & Proj.","2013","2013","1000 persons","404.421","X","International reliable sources",""
"OA","Annual population","26","Brunei Darussalam","511","Total Population - Both sexes","3010","Population - Est. & Proj.","2017","2017","1000 persons","424.473","X","International reliable sources",""
"OA","Annual population","27","Bulgaria","511","Total Population - Both sexes","3010","Population - Est. & Proj.","2013","2013","1000 persons","7290.088","X","International reliable sources",""
"OA","Annual population","27","Bulgaria","511","Total Population - Both sexes","3010","Population - Est. & Proj.","2017","2017","1000 persons","7102.444","X","International reliable sources",""
"OA","Annual population","233","Burkina Faso","511","Total Population - Both sexes","3010","Population - Est. & Proj.","2013","2013","1000 persons","17072.785","X","International reliable sources",""
"OA","Annual population","233","Burkina Faso","511","Total Population - Both sexes","3010","Population - Est. & Proj.","2017","2017","1000 persons","19193.234","X","International reliable sources",""
"OA","Annual population","29","Burundi","511","Total Population - Both sexes","3010","Population - Est. & Proj.","2013","2013","1000 persons","9540.291","X","International reliable sources",""
"OA","Annual population","29","Burundi","511","Total Population - Both sexes","3010","Population - Est. & Proj.","2017","2017","1000 persons","10827.019","X","International reliable sources",""
"OA","Annual population","35","Cabo Verde","511","Total Population - Both sexes","3010","Population - Est. & Proj.","2013","2013","1000 persons","511.748","X","International reliable sources",""
"OA","Annual population","35","Cabo Verde","511","Total Population - Both sexes","3010","Population - Est. & Proj.","2017","2017","1000 persons","537.498","X","International reliable sources",""
"OA","Annual population","115","Cambodia","511","Total Population - Both sexes","3010","Population - Est. & Proj.","2013","2013","1000 persons","15026.332","X","International reliable sources",""
"OA","Annual population","115","Cambodia","511","Total Population - Both sexes","3010","Population - Est. & Proj.","2017","2017","1000 persons","16009.409","X","International reliable sources",""
"OA","Annual population","32","Cameroon","511","Total Population - Both sexes","3010","Population - Est. & Proj.","2013","2013","1000 persons","22077.294","X","International reliable sources",""
"OA","Annual population","32","Cameroon","511","Total Population - Both sexes","3010","Population - Est. & Proj.","2017","2017","1000 persons","24566.073","X","International reliable sources",""
"OA","Annual population","33","Canada","511","Total Population - Both sexes","3010","Population - Est. & Proj.","2013","2013","1000 persons","35296.528","X","International reliable sources",""
"OA","Annual population","33","Canada","511","Total Population - Both sexes","3010","Population - Est. & Proj.","2017","2017","1000 persons","36732.095","X","International reliable sources",""
"OA","Annual population","36","Cayman Islands","511","Total Population - Both sexes","3010","Population - Est. & Proj.","2013","2013","1000 persons","59.932","X","International reliable sources",""
"OA","Annual population","36","Cayman Islands","511","Total Population - Both sexes","3010","Population - Est. & Proj.","2017","2017","1000 persons","63.382","X","International reliable sources",""
"OA","Annual population","37","Central African Republic","511","Total Population - Both sexes","3010","Population - Est. & Proj.","2013","2013","1000 persons","4447.944","X","International reliable sources",""
"OA","Annual population","37","Central African Republic","511","Total Population - Both sexes","3010","Population - Est. & Proj.","2017","2017","1000 persons","4596.023","X","International reliable sources",""
"OA","Annual population","39","Chad","511","Total Population - Both sexes","3010","Population - Est. & Proj.","2013","2013","1000 persons","13220.433","X","International reliable sources",""
"OA","Annual population","39","Chad","511","Total Population - Both sexes","3010","Population - Est. & Proj.","2017","2017","1000 persons","15016.753","X","International reliable sources",""
"OA","Annual population","259","Channel Islands","511","Total Population - Both sexes","3010","Population - Est. & Proj.","2013","2013","1000 persons","163.038","X","International reliable sources",""
"OA","Annual population","259","Channel Islands","511","Total Population - Both sexes","3010","Population - Est. & Proj.","2017","2017","1000 persons","168.665","X","International reliable sources",""
"OA","Annual population","40","Chile","511","Total Population - Both sexes","3010","Population - Est. & Proj.","2013","2013","1000 persons","17571.507","X","International reliable sources",""
"OA","Annual population","40","Chile","511","Total Population - Both sexes","3010","Population - Est. & Proj.","2017","2017","1000 persons","18470.439","X","International reliable sources",""
"OA","Annual population","351","China","511","Total Population - Both sexes","3010","Population - Est. & Proj.","2013","2013","1000 persons","1422971.062","A","Aggregate, may include official, semi-official, estimated or calculated data",""
"OA","Annual population","351","China","511","Total Population - Both sexes","3010","Population - Est. & Proj.","2017","2017","1000 persons","1452625.244","A","Aggregate, may include official, semi-official, estimated or calculated data",""
"OA","Annual population","96","China, Hong Kong SAR","511","Total Population - Both sexes","3010","Population - Est. & Proj.","2013","2013","1000 persons","7088.778","X","International reliable sources",""
"OA","Annual population","96","China, Hong Kong SAR","511","Total Population - Both sexes","3010","Population - Est. & Proj.","2017","2017","1000 persons","7306.322","X","International reliable sources",""
"OA","Annual population","128","China, Macao SAR","511","Total Population - Both sexes","3010","Population - Est. & Proj.","2013","2013","1000 persons","577.372","X","International reliable sources",""
"OA","Annual population","128","China, Macao SAR","511","Total Population - Both sexes","3010","Population - Est. & Proj.","2017","2017","1000 persons","622.585","X","International reliable sources",""
"OA","Annual population","41","China, mainland","511","Total Population - Both sexes","3010","Population - Est. & Proj.","2013","2013","1000 persons","1391883.33","X","International reliable sources",""
"OA","Annual population","41","China, mainland","511","Total Population - Both sexes","3010","Population - Est. & Proj.","2017","2017","1000 persons","1421021.791","X","International reliable sources",""
"OA","Annual population","214","China, Taiwan Province of","511","Total Population - Both sexes","3010","Population - Est. & Proj.","2013","2013","1000 persons","23421.582","X","International reliable sources",""
"OA","Annual population","214","China, Taiwan Province of","511","Total Population - Both sexes","3010","Population - Est. & Proj.","2017","2017","1000 persons","23674.546","X","International reliable sources",""
"OA","Annual population","44","Colombia","511","Total Population - Both sexes","3010","Population - Est. & Proj.","2013","2013","1000 persons","46495.493","X","International reliable sources",""
"OA","Annual population","44","Colombia","511","Total Population - Both sexes","3010","Population - Est. & Proj.","2017","2017","1000 persons","48909.839","X","International reliable sources",""
"OA","Annual population","45","Comoros","511","Total Population - Both sexes","3010","Population - Est. & Proj.","2013","2013","1000 persons","741.505","X","International reliable sources",""
"OA","Annual population","45","Comoros","511","Total Population - Both sexes","3010","Population - Est. & Proj.","2017","2017","1000 persons","813.892","X","International reliable sources",""
"OA","Annual population","46","Congo","511","Total Population - Both sexes","3010","Population - Est. & Proj.","2013","2013","1000 persons","4622.762","X","International reliable sources",""
"OA","Annual population","46","Congo","511","Total Population - Both sexes","3010","Population - Est. & Proj.","2017","2017","1000 persons","5110.695","X","International reliable sources",""
"OA","Annual population","47","Cook Islands","511","Total Population - Both sexes","3010","Population - Est. & Proj.","2013","2013","1000 persons","17.833","X","International reliable sources",""
"OA","Annual population","47","Cook Islands","511","Total Population - Both sexes","3010","Population - Est. & Proj.","2017","2017","1000 persons","17.507","X","International reliable sources",""
"OA","Annual population","48","Costa Rica","511","Total Population - Both sexes","3010","Population - Est. & Proj.","2013","2013","1000 persons","4742.107","X","International reliable sources",""
"OA","Annual population","48","Costa Rica","511","Total Population - Both sexes","3010","Population - Est. & Proj.","2017","2017","1000 persons","4949.954","X","International reliable sources",""
"OA","Annual population","107","Côte d'Ivoire","511","Total Population - Both sexes","3010","Population - Est. & Proj.","2013","2013","1000 persons","22087.504","X","International reliable sources",""
"OA","Annual population","107","Côte d'Ivoire","511","Total Population - Both sexes","3010","Population - Est. & Proj.","2017","2017","1000 persons","24437.47","X","International reliable sources",""
"OA","Annual population","98","Croatia","511","Total Population - Both sexes","3010","Population - Est. & Proj.","2013","2013","1000 persons","4276.598","X","International reliable sources",""
"OA","Annual population","98","Croatia","511","Total Population - Both sexes","3010","Population - Est. & Proj.","2017","2017","1000 persons","4182.857","X","International reliable sources",""
"OA","Annual population","49","Cuba","511","Total Population - Both sexes","3010","Population - Est. & Proj.","2013","2013","1000 persons","11282.723","X","International reliable sources",""
"OA","Annual population","49","Cuba","511","Total Population - Both sexes","3010","Population - Est. & Proj.","2017","2017","1000 persons","11339.254","X","International reliable sources",""
"OA","Annual population","279","Curaçao","511","Total Population - Both sexes","3010","Population - Est. & Proj.","2013","2013","1000 persons","156.794","X","International reliable sources",""
"OA","Annual population","279","Curaçao","511","Total Population - Both sexes","3010","Population - Est. & Proj.","2017","2017","1000 persons","161.997","X","International reliable sources",""
"OA","Annual population","50","Cyprus","511","Total Population - Both sexes","3010","Population - Est. & Proj.","2013","2013","1000 persons","1143.866","X","International reliable sources",""
"OA","Annual population","50","Cyprus","511","Total Population - Both sexes","3010","Population - Est. & Proj.","2017","2017","1000 persons","1179.678","X","International reliable sources",""
"OA","Annual population","167","Czechia","511","Total Population - Both sexes","3010","Population - Est. & Proj.","2013","2013","1000 persons","10586.533","X","International reliable sources",""
"OA","Annual population","167","Czechia","511","Total Population - Both sexes","3010","Population - Est. & Proj.","2017","2017","1000 persons","10641.034","X","International reliable sources",""
"OA","Annual population","116","Democratic People's Republic of Korea","511","Total Population - Both sexes","3010","Population - Est. & Proj.","2013","2013","1000 persons","24929.497","X","International reliable sources",""
"OA","Annual population","116","Democratic People's Republic of Korea","511","Total Population - Both sexes","3010","Population - Est. & Proj.","2017","2017","1000 persons","25429.825","X","International reliable sources",""
"OA","Annual population","250","Democratic Republic of the Congo","511","Total Population - Both sexes","3010","Population - Est. & Proj.","2013","2013","1000 persons","71358.807","X","International reliable sources",""
"OA","Annual population","250","Democratic Republic of the Congo","511","Total Population - Both sexes","3010","Population - Est. & Proj.","2017","2017","1000 persons","81398.764","X","International reliable sources",""
"OA","Annual population","54","Denmark","511","Total Population - Both sexes","3010","Population - Est. & Proj.","2013","2013","1000 persons","5638.145","X","International reliable sources",""
"OA","Annual population","54","Denmark","511","Total Population - Both sexes","3010","Population - Est. & Proj.","2017","2017","1000 persons","5732.274","X","International reliable sources",""
"OA","Annual population","72","Djibouti","511","Total Population - Both sexes","3010","Population - Est. & Proj.","2013","2013","1000 persons","883.293","X","International reliable sources",""
"OA","Annual population","72","Djibouti","511","Total Population - Both sexes","3010","Population - Est. & Proj.","2017","2017","1000 persons","944.099","X","International reliable sources",""
"OA","Annual population","55","Dominica","511","Total Population - Both sexes","3010","Population - Est. & Proj.","2013","2013","1000 persons","71.016","X","International reliable sources",""
"OA","Annual population","55","Dominica","511","Total Population - Both sexes","3010","Population - Est. & Proj.","2017","2017","1000 persons","71.458","X","International reliable sources",""
"OA","Annual population","56","Dominican Republic","511","Total Population - Both sexes","3010","Population - Est. & Proj.","2013","2013","1000 persons","10048.232","X","International reliable sources",""
"OA","Annual population","56","Dominican Republic","511","Total Population - Both sexes","3010","Population - Est. & Proj.","2017","2017","1000 persons","10513.104","X","International reliable sources",""
"OA","Annual population","58","Ecuador","511","Total Population - Both sexes","3010","Population - Est. & Proj.","2013","2013","1000 persons","15707.474","X","International reliable sources",""
"OA","Annual population","58","Ecuador","511","Total Population - Both sexes","3010","Population - Est. & Proj.","2017","2017","1000 persons","16785.361","X","International reliable sources",""
"OA","Annual population","59","Egypt","511","Total Population - Both sexes","3010","Population - Est. & Proj.","2013","2013","1000 persons","88404.646","X","International reliable sources",""
"OA","Annual population","59","Egypt","511","Total Population - Both sexes","3010","Population - Est. & Proj.","2017","2017","1000 persons","96442.591","X","International reliable sources",""
"OA","Annual population","60","El Salvador","511","Total Population - Both sexes","3010","Population - Est. & Proj.","2013","2013","1000 persons","6266.07","X","International reliable sources",""
"OA","Annual population","60","El Salvador","511","Total Population - Both sexes","3010","Population - Est. & Proj.","2017","2017","1000 persons","6388.126","X","International reliable sources",""
"OA","Annual population","61","Equatorial Guinea","511","Total Population - Both sexes","3010","Population - Est. & Proj.","2013","2013","1000 persons","1076.413","X","International reliable sources",""
"OA","Annual population","61","Equatorial Guinea","511","Total Population - Both sexes","3010","Population - Est. & Proj.","2017","2017","1000 persons","1262.002","X","International reliable sources",""
"OA","Annual population","178","Eritrea","511","Total Population - Both sexes","3010","Population - Est. & Proj.","2013","2013","1000 persons","3281.449","X","International reliable sources",""
"OA","Annual population","178","Eritrea","511","Total Population - Both sexes","3010","Population - Est. & Proj.","2017","2017","1000 persons","3412.893","X","International reliable sources",""
"OA","Annual population","63","Estonia","511","Total Population - Both sexes","3010","Population - Est. & Proj.","2013","2013","1000 persons","1319.062","X","International reliable sources",""
"OA","Annual population","63","Estonia","511","Total Population - Both sexes","3010","Population - Est. & Proj.","2017","2017","1000 persons","1319.39","X","International reliable sources",""
"OA","Annual population","209","Eswatini","511","Total Population - Both sexes","3010","Population - Est. & Proj.","2013","2013","1000 persons","1086.843","X","International reliable sources",""
"OA","Annual population","209","Eswatini","511","Total Population - Both sexes","3010","Population - Est. & Proj.","2017","2017","1000 persons","1124.805","X","International reliable sources",""
"OA","Annual population","238","Ethiopia","511","Total Population - Both sexes","3010","Population - Est. & Proj.","2013","2013","1000 persons","95385.798","X","International reliable sources",""
"OA","Annual population","238","Ethiopia","511","Total Population - Both sexes","3010","Population - Est. & Proj.","2017","2017","1000 persons","106399.924","X","International reliable sources",""
"OA","Annual population","65","Falkland Islands (Malvinas)","511","Total Population - Both sexes","3010","Population - Est. & Proj.","2013","2013","1000 persons","2.794","X","International reliable sources",""
"OA","Annual population","65","Falkland Islands (Malvinas)","511","Total Population - Both sexes","3010","Population - Est. & Proj.","2017","2017","1000 persons","3.068","X","International reliable sources",""
"OA","Annual population","64","Faroe Islands","511","Total Population - Both sexes","3010","Population - Est. & Proj.","2013","2013","1000 persons","47.892","X","International reliable sources",""
"OA","Annual population","64","Faroe Islands","511","Total Population - Both sexes","3010","Population - Est. & Proj.","2017","2017","1000 persons","48.331","X","International reliable sources",""
"OA","Annual population","66","Fiji","511","Total Population - Both sexes","3010","Population - Est. & Proj.","2013","2013","1000 persons","865.608","X","International reliable sources",""
"OA","Annual population","66","Fiji","511","Total Population - Both sexes","3010","Population - Est. & Proj.","2017","2017","1000 persons","877.459","X","International reliable sources",""
"OA","Annual population","67","Finland","511","Total Population - Both sexes","3010","Population - Est. & Proj.","2013","2013","1000 persons","5438.982","X","International reliable sources",""
"OA","Annual population","67","Finland","511","Total Population - Both sexes","3010","Population - Est. & Proj.","2017","2017","1000 persons","5511.371","X","International reliable sources",""
"OA","Annual population","68","France","511","Total Population - Both sexes","3010","Population - Est. & Proj.","2013","2013","1000 persons","63893.525","X","International reliable sources",""
"OA","Annual population","68","France","511","Total Population - Both sexes","3010","Population - Est. & Proj.","2017","2017","1000 persons","64842.509","X","International reliable sources",""
"OA","Annual population","69","French Guyana","511","Total Population - Both sexes","3010","Population - Est. & Proj.","2013","2013","1000 persons","249.054","X","International reliable sources",""
"OA","Annual population","69","French Guyana","511","Total Population - Both sexes","3010","Population - Est. & Proj.","2017","2017","1000 persons","275.191","X","International reliable sources",""
"OA","Annual population","70","French Polynesia","511","Total Population - Both sexes","3010","Population - Est. & Proj.","2013","2013","1000 persons","270.328","X","International reliable sources",""
"OA","Annual population","70","French Polynesia","511","Total Population - Both sexes","3010","Population - Est. & Proj.","2017","2017","1000 persons","276.102","X","International reliable sources",""
"OA","Annual population","74","Gabon","511","Total Population - Both sexes","3010","Population - Est. & Proj.","2013","2013","1000 persons","1817.071","X","International reliable sources",""
"OA","Annual population","74","Gabon","511","Total Population - Both sexes","3010","Population - Est. & Proj.","2017","2017","1000 persons","2064.823","X","International reliable sources",""
"OA","Annual population","75","Gambia","511","Total Population - Both sexes","3010","Population - Est. & Proj.","2013","2013","1000 persons","1963.712","X","International reliable sources",""
"OA","Annual population","75","Gambia","511","Total Population - Both sexes","3010","Population - Est. & Proj.","2017","2017","1000 persons","2213.889","X","International reliable sources",""
"OA","Annual population","73","Georgia","511","Total Population - Both sexes","3010","Population - Est. & Proj.","2013","2013","1000 persons","4048.701","X","International reliable sources",""
"OA","Annual population","73","Georgia","511","Total Population - Both sexes","3010","Population - Est. & Proj.","2017","2017","1000 persons","4008.716","X","International reliable sources",""
"OA","Annual population","79","Germany","511","Total Population - Both sexes","3010","Population - Est. & Proj.","2013","2013","1000 persons","81174.367","X","International reliable sources",""
"OA","Annual population","79","Germany","511","Total Population - Both sexes","3010","Population - Est. & Proj.","2017","2017","1000 persons","82658.409","X","International reliable sources",""
"OA","Annual population","81","Ghana","511","Total Population - Both sexes","3010","Population - Est. & Proj.","2013","2013","1000 persons","26607.645","X","International reliable sources",""
"OA","Annual population","81","Ghana","511","Total Population - Both sexes","3010","Population - Est. & Proj.","2017","2017","1000 persons","29121.465","X","International reliable sources",""
"OA","Annual population","82","Gibraltar","511","Total Population - Both sexes","3010","Population - Est. & Proj.","2013","2013","1000 persons","33.692","X","International reliable sources",""
"OA","Annual population","82","Gibraltar","511","Total Population - Both sexes","3010","Population - Est. & Proj.","2017","2017","1000 persons","33.728","X","International reliable sources",""
"OA","Annual population","84","Greece","511","Total Population - Both sexes","3010","Population - Est. & Proj.","2013","2013","1000 persons","10740.5","X","International reliable sources",""
"OA","Annual population","84","Greece","511","Total Population - Both sexes","3010","Population - Est. & Proj.","2017","2017","1000 persons","10569.45","X","International reliable sources",""
"OA","Annual population","85","Greenland","511","Total Population - Both sexes","3010","Population - Est. & Proj.","2013","2013","1000 persons","56.414","X","International reliable sources","UNDESA, Population Division – World Population Prospects, the 2017 Revision"
"OA","Annual population","85","Greenland","511","Total Population - Both sexes","3010","Population - Est. & Proj.","2017","2017","1000 persons","56.481","X","International reliable sources",""
"OA","Annual population","86","Grenada","511","Total Population - Both sexes","3010","Population - Est. & Proj.","2013","2013","1000 persons","108.17","X","International reliable sources",""
"OA","Annual population","86","Grenada","511","Total Population - Both sexes","3010","Population - Est. & Proj.","2017","2017","1000 persons","110.874","X","International reliable sources",""
"OA","Annual population","87","Guadeloupe","511","Total Population - Both sexes","3010","Population - Est. & Proj.","2013","2013","1000 persons","402.829","X","International reliable sources",""
"OA","Annual population","87","Guadeloupe","511","Total Population - Both sexes","3010","Population - Est. & Proj.","2017","2017","1000 persons","399.672","X","International reliable sources",""
"OA","Annual population","88","Guam","511","Total Population - Both sexes","3010","Population - Est. & Proj.","2013","2013","1000 persons","160.407","X","International reliable sources",""
"OA","Annual population","88","Guam","511","Total Population - Both sexes","3010","Population - Est. & Proj.","2017","2017","1000 persons","164.281","X","International reliable sources",""
"OA","Annual population","89","Guatemala","511","Total Population - Both sexes","3010","Population - Est. & Proj.","2013","2013","1000 persons","15595.816","X","International reliable sources",""
"OA","Annual population","89","Guatemala","511","Total Population - Both sexes","3010","Population - Est. & Proj.","2017","2017","1000 persons","16914.97","X","International reliable sources",""
"OA","Annual population","90","Guinea","511","Total Population - Both sexes","3010","Population - Est. & Proj.","2013","2013","1000 persons","10892.817","X","International reliable sources",""
"OA","Annual population","90","Guinea","511","Total Population - Both sexes","3010","Population - Est. & Proj.","2017","2017","1000 persons","12067.519","X","International reliable sources",""
"OA","Annual population","175","Guinea-Bissau","511","Total Population - Both sexes","3010","Population - Est. & Proj.","2013","2013","1000 persons","1648.255","X","International reliable sources",""
"OA","Annual population","175","Guinea-Bissau","511","Total Population - Both sexes","3010","Population - Est. & Proj.","2017","2017","1000 persons","1828.145","X","International reliable sources",""
"OA","Annual population","91","Guyana","511","Total Population - Both sexes","3010","Population - Est. & Proj.","2013","2013","1000 persons","759.285","X","International reliable sources",""
"OA","Annual population","91","Guyana","511","Total Population - Both sexes","3010","Population - Est. & Proj.","2017","2017","1000 persons","775.222","X","International reliable sources",""
"OA","Annual population","93","Haiti","511","Total Population - Both sexes","3010","Population - Est. & Proj.","2013","2013","1000 persons","10400.675","X","International reliable sources",""
"OA","Annual population","93","Haiti","511","Total Population - Both sexes","3010","Population - Est. & Proj.","2017","2017","1000 persons","10982.366","X","International reliable sources",""
"OA","Annual population","94","Holy See","511","Total Population - Both sexes","3010","Population - Est. & Proj.","2013","2013","1000 persons","0.801","X","International reliable sources","UNDESA, Population Division – World Population Prospects, the 2017 Revision"
"OA","Annual population","94","Holy See","511","Total Population - Both sexes","3010","Population - Est. & Proj.","2017","2017","1000 persons","0.793","X","International reliable sources",""
"OA","Annual population","95","Honduras","511","Total Population - Both sexes","3010","Population - Est. & Proj.","2013","2013","1000 persons","8798.521","X","International reliable sources",""
"OA","Annual population","95","Honduras","511","Total Population - Both sexes","3010","Population - Est. & Proj.","2017","2017","1000 persons","9429.013","X","International reliable sources",""
"OA","Annual population","97","Hungary","511","Total Population - Both sexes","3010","Population - Est. & Proj.","2013","2013","1000 persons","9833.923","X","International reliable sources",""
"OA","Annual population","97","Hungary","511","Total Population - Both sexes","3010","Population - Est. & Proj.","2017","2017","1000 persons","9729.823","X","International reliable sources",""
"OA","Annual population","99","Iceland","511","Total Population - Both sexes","3010","Population - Est. & Proj.","2013","2013","1000 persons","327.187","X","International reliable sources",""
"OA","Annual population","99","Iceland","511","Total Population - Both sexes","3010","Population - Est. & Proj.","2017","2017","1000 persons","334.393","X","International reliable sources",""
"OA","Annual population","100","India","511","Total Population - Both sexes","3010","Population - Est. & Proj.","2013","2013","1000 persons","1280842.125","X","International reliable sources",""
"OA","Annual population","100","India","511","Total Population - Both sexes","3010","Population - Est. & Proj.","2017","2017","1000 persons","1338676.785","X","International reliable sources",""
"OA","Annual population","101","Indonesia","511","Total Population - Both sexes","3010","Population - Est. & Proj.","2013","2013","1000 persons","251805.307","X","International reliable sources",""
"OA","Annual population","101","Indonesia","511","Total Population - Both sexes","3010","Population - Est. & Proj.","2017","2017","1000 persons","264650.963","X","International reliable sources",""
"OA","Annual population","102","Iran (Islamic Republic of)","511","Total Population - Both sexes","3010","Population - Est. & Proj.","2013","2013","1000 persons","76481.961","X","International reliable sources",""
"OA","Annual population","102","Iran (Islamic Republic of)","511","Total Population - Both sexes","3010","Population - Est. & Proj.","2017","2017","1000 persons","80673.883","X","International reliable sources",""
"OA","Annual population","103","Iraq","511","Total Population - Both sexes","3010","Population - Est. & Proj.","2013","2013","1000 persons","33157.05","X","International reliable sources",""
"OA","Annual population","103","Iraq","511","Total Population - Both sexes","3010","Population - Est. & Proj.","2017","2017","1000 persons","37552.781","X","International reliable sources",""
"OA","Annual population","104","Ireland","511","Total Population - Both sexes","3010","Population - Est. & Proj.","2013","2013","1000 persons","4615.422","X","International reliable sources",""
"OA","Annual population","104","Ireland","511","Total Population - Both sexes","3010","Population - Est. & Proj.","2017","2017","1000 persons","4753.279","X","International reliable sources",""
"OA","Annual population","264","Isle of Man","511","Total Population - Both sexes","3010","Population - Est. & Proj.","2013","2013","1000 persons","83.976","X","International reliable sources",""
"OA","Annual population","264","Isle of Man","511","Total Population - Both sexes","3010","Population - Est. & Proj.","2017","2017","1000 persons","83.598","X","International reliable sources",""
"OA","Annual population","105","Israel","511","Total Population - Both sexes","3010","Population - Est. & Proj.","2013","2013","1000 persons","7734.841","X","International reliable sources",""
"OA","Annual population","105","Israel","511","Total Population - Both sexes","3010","Population - Est. & Proj.","2017","2017","1000 persons","8243.848","X","International reliable sources",""
"OA","Annual population","106","Italy","511","Total Population - Both sexes","3010","Population - Est. & Proj.","2013","2013","1000 persons","60166.83","X","International reliable sources",""
"OA","Annual population","106","Italy","511","Total Population - Both sexes","3010","Population - Est. & Proj.","2017","2017","1000 persons","60673.701","X","International reliable sources",""
"OA","Annual population","109","Jamaica","511","Total Population - Both sexes","3010","Population - Est. & Proj.","2013","2013","1000 persons","2858.712","X","International reliable sources",""
"OA","Annual population","109","Jamaica","511","Total Population - Both sexes","3010","Population - Est. & Proj.","2017","2017","1000 persons","2920.848","X","International reliable sources",""
"OA","Annual population","110","Japan","511","Total Population - Both sexes","3010","Population - Est. & Proj.","2013","2013","1000 persons","128314.195","X","International reliable sources",""
"OA","Annual population","110","Japan","511","Total Population - Both sexes","3010","Population - Est. & Proj.","2017","2017","1000 persons","127502.725","X","International reliable sources",""
"OA","Annual population","112","Jordan","511","Total Population - Both sexes","3010","Population - Est. & Proj.","2013","2013","1000 persons","8518.983","X","International reliable sources",""
"OA","Annual population","112","Jordan","511","Total Population - Both sexes","3010","Population - Est. & Proj.","2017","2017","1000 persons","9785.843","X","International reliable sources",""
"OA","Annual population","108","Kazakhstan","511","Total Population - Both sexes","3010","Population - Est. & Proj.","2013","2013","1000 persons","17026.117","X","International reliable sources",""
"OA","Annual population","108","Kazakhstan","511","Total Population - Both sexes","3010","Population - Est. & Proj.","2017","2017","1000 persons","18080.019","X","International reliable sources",""
"OA","Annual population","114","Kenya","511","Total Population - Both sexes","3010","Population - Est. & Proj.","2013","2013","1000 persons","45519.981","X","International reliable sources",""
"OA","Annual population","114","Kenya","511","Total Population - Both sexes","3010","Population - Est. & Proj.","2017","2017","1000 persons","50221.142","X","International reliable sources",""
"OA","Annual population","83","Kiribati","511","Total Population - Both sexes","3010","Population - Est. & Proj.","2013","2013","1000 persons","107.89","X","International reliable sources",""
"OA","Annual population","83","Kiribati","511","Total Population - Both sexes","3010","Population - Est. & Proj.","2017","2017","1000 persons","114.158","X","International reliable sources",""
"OA","Annual population","118","Kuwait","511","Total Population - Both sexes","3010","Population - Est. & Proj.","2013","2013","1000 persons","3526.376","X","International reliable sources",""
"OA","Annual population","118","Kuwait","511","Total Population - Both sexes","3010","Population - Est. & Proj.","2017","2017","1000 persons","4056.099","X","International reliable sources",""
"OA","Annual population","113","Kyrgyzstan","511","Total Population - Both sexes","3010","Population - Est. & Proj.","2013","2013","1000 persons","5731.303","X","International reliable sources",""
"OA","Annual population","113","Kyrgyzstan","511","Total Population - Both sexes","3010","Population - Est. & Proj.","2017","2017","1000 persons","6189.733","X","International reliable sources",""
"OA","Annual population","120","Lao People's Democratic Republic","511","Total Population - Both sexes","3010","Population - Est. & Proj.","2013","2013","1000 persons","6541.304","X","International reliable sources",""
"OA","Annual population","120","Lao People's Democratic Republic","511","Total Population - Both sexes","3010","Population - Est. & Proj.","2017","2017","1000 persons","6953.035","X","International reliable sources",""
"OA","Annual population","119","Latvia","511","Total Population - Both sexes","3010","Population - Est. & Proj.","2013","2013","1000 persons","2044.957","X","International reliable sources",""
"OA","Annual population","119","Latvia","511","Total Population - Both sexes","3010","Population - Est. & Proj.","2017","2017","1000 persons","1951.097","X","International reliable sources",""
"OA","Annual population","121","Lebanon","511","Total Population - Both sexes","3010","Population - Est. & Proj.","2013","2013","1000 persons","5913.022","X","International reliable sources",""
"OA","Annual population","121","Lebanon","511","Total Population - Both sexes","3010","Population - Est. & Proj.","2017","2017","1000 persons","6819.373","X","International reliable sources",""
"OA","Annual population","122","Lesotho","511","Total Population - Both sexes","3010","Population - Est. & Proj.","2013","2013","1000 persons","2028.53","X","International reliable sources",""
"OA","Annual population","122","Lesotho","511","Total Population - Both sexes","3010","Population - Est. & Proj.","2017","2017","1000 persons","2091.534","X","International reliable sources",""
"OA","Annual population","123","Liberia","511","Total Population - Both sexes","3010","Population - Est. & Proj.","2013","2013","1000 persons","4248.334","X","International reliable sources",""
"OA","Annual population","123","Liberia","511","Total Population - Both sexes","3010","Population - Est. & Proj.","2017","2017","1000 persons","4702.226","X","International reliable sources",""
"OA","Annual population","124","Libya","511","Total Population - Both sexes","3010","Population - Est. & Proj.","2013","2013","1000 persons","6320.36","X","International reliable sources",""
"OA","Annual population","124","Libya","511","Total Population - Both sexes","3010","Population - Est. & Proj.","2017","2017","1000 persons","6580.724","X","International reliable sources",""
"OA","Annual population","125","Liechtenstein","511","Total Population - Both sexes","3010","Population - Est. & Proj.","2013","2013","1000 persons","36.934","X","International reliable sources",""
"OA","Annual population","125","Liechtenstein","511","Total Population - Both sexes","3010","Population - Est. & Proj.","2017","2017","1000 persons","37.8","X","International reliable sources",""
"OA","Annual population","126","Lithuania","511","Total Population - Both sexes","3010","Population - Est. & Proj.","2013","2013","1000 persons","3008.934","X","International reliable sources",""
"OA","Annual population","126","Lithuania","511","Total Population - Both sexes","3010","Population - Est. & Proj.","2017","2017","1000 persons","2845.414","X","International reliable sources",""
"OA","Annual population","256","Luxembourg","511","Total Population - Both sexes","3010","Population - Est. & Proj.","2013","2013","1000 persons","542.56","X","International reliable sources",""
"OA","Annual population","256","Luxembourg","511","Total Population - Both sexes","3010","Population - Est. & Proj.","2017","2017","1000 persons","591.91","X","International reliable sources",""
"OA","Annual population","129","Madagascar","511","Total Population - Both sexes","3010","Population - Est. & Proj.","2013","2013","1000 persons","22961.255","X","International reliable sources",""
"OA","Annual population","129","Madagascar","511","Total Population - Both sexes","3010","Population - Est. & Proj.","2017","2017","1000 persons","25570.512","X","International reliable sources",""
"OA","Annual population","130","Malawi","511","Total Population - Both sexes","3010","Population - Est. & Proj.","2013","2013","1000 persons","15839.286","X","International reliable sources",""
"OA","Annual population","130","Malawi","511","Total Population - Both sexes","3010","Population - Est. & Proj.","2017","2017","1000 persons","17670.196","X","International reliable sources",""
"OA","Annual population","131","Malaysia","511","Total Population - Both sexes","3010","Population - Est. & Proj.","2013","2013","1000 persons","29468.923","X","International reliable sources",""
"OA","Annual population","131","Malaysia","511","Total Population - Both sexes","3010","Population - Est. & Proj.","2017","2017","1000 persons","31104.646","X","International reliable sources",""
"OA","Annual population","132","Maldives","511","Total Population - Both sexes","3010","Population - Est. & Proj.","2013","2013","1000 persons","415.593","X","International reliable sources",""
"OA","Annual population","132","Maldives","511","Total Population - Both sexes","3010","Population - Est. & Proj.","2017","2017","1000 persons","496.402","X","International reliable sources",""
"OA","Annual population","133","Mali","511","Total Population - Both sexes","3010","Population - Est. & Proj.","2013","2013","1000 persons","16449.854","X","International reliable sources",""
"OA","Annual population","133","Mali","511","Total Population - Both sexes","3010","Population - Est. & Proj.","2017","2017","1000 persons","18512.43","X","International reliable sources",""
"OA","Annual population","134","Malta","511","Total Population - Both sexes","3010","Population - Est. & Proj.","2013","2013","1000 persons","426.151","X","International reliable sources",""
"OA","Annual population","134","Malta","511","Total Population - Both sexes","3010","Population - Est. & Proj.","2017","2017","1000 persons","437.933","X","International reliable sources",""
"OA","Annual population","127","Marshall Islands","511","Total Population - Both sexes","3010","Population - Est. & Proj.","2013","2013","1000 persons","56.938","X","International reliable sources",""
"OA","Annual population","127","Marshall Islands","511","Total Population - Both sexes","3010","Population - Est. & Proj.","2017","2017","1000 persons","58.058","X","International reliable sources",""
"OA","Annual population","135","Martinique","511","Total Population - Both sexes","3010","Population - Est. & Proj.","2013","2013","1000 persons","384.576","X","International reliable sources",""
"OA","Annual population","135","Martinique","511","Total Population - Both sexes","3010","Population - Est. & Proj.","2017","2017","1000 persons","375.948","X","International reliable sources",""
"OA","Annual population","136","Mauritania","511","Total Population - Both sexes","3010","Population - Est. & Proj.","2013","2013","1000 persons","3817.494","X","International reliable sources",""
"OA","Annual population","136","Mauritania","511","Total Population - Both sexes","3010","Population - Est. & Proj.","2017","2017","1000 persons","4282.57","X","International reliable sources",""
"OA","Annual population","137","Mauritius","511","Total Population - Both sexes","3010","Population - Est. & Proj.","2013","2013","1000 persons","1255.452","X","International reliable sources",""
"OA","Annual population","137","Mauritius","511","Total Population - Both sexes","3010","Population - Est. & Proj.","2017","2017","1000 persons","1264.499","X","International reliable sources",""
"OA","Annual population","270","Mayotte","511","Total Population - Both sexes","3010","Population - Est. & Proj.","2013","2013","1000 persons","227.378","X","International reliable sources",""
"OA","Annual population","270","Mayotte","511","Total Population - Both sexes","3010","Population - Est. & Proj.","2017","2017","1000 persons","252.957","X","International reliable sources",""
"OA","Annual population","138","Mexico","511","Total Population - Both sexes","3010","Population - Est. & Proj.","2013","2013","1000 persons","118827.161","X","International reliable sources",""
"OA","Annual population","138","Mexico","511","Total Population - Both sexes","3010","Population - Est. & Proj.","2017","2017","1000 persons","124777.324","X","International reliable sources",""
"OA","Annual population","145","Micronesia (Federated States of)","511","Total Population - Both sexes","3010","Population - Est. & Proj.","2013","2013","1000 persons","105.926","X","International reliable sources",""
"OA","Annual population","145","Micronesia (Federated States of)","511","Total Population - Both sexes","3010","Population - Est. & Proj.","2017","2017","1000 persons","111.459","X","International reliable sources",""
"OA","Annual population","140","Monaco","511","Total Population - Both sexes","3010","Population - Est. & Proj.","2013","2013","1000 persons","36.901","X","International reliable sources",""
"OA","Annual population","140","Monaco","511","Total Population - Both sexes","3010","Population - Est. & Proj.","2017","2017","1000 persons","38.392","X","International reliable sources",""
"OA","Annual population","141","Mongolia","511","Total Population - Both sexes","3010","Population - Est. & Proj.","2013","2013","1000 persons","2881.791","X","International reliable sources",""
"OA","Annual population","141","Mongolia","511","Total Population - Both sexes","3010","Population - Est. & Proj.","2017","2017","1000 persons","3113.786","X","International reliable sources",""
"OA","Annual population","273","Montenegro","511","Total Population - Both sexes","3010","Population - Est. & Proj.","2013","2013","1000 persons","626.345","X","International reliable sources",""
"OA","Annual population","273","Montenegro","511","Total Population - Both sexes","3010","Population - Est. & Proj.","2017","2017","1000 persons","627.563","X","International reliable sources",""
"OA","Annual population","142","Montserrat","511","Total Population - Both sexes","3010","Population - Est. & Proj.","2013","2013","1000 persons","4.944","X","International reliable sources",""
"OA","Annual population","142","Montserrat","511","Total Population - Both sexes","3010","Population - Est. & Proj.","2017","2017","1000 persons","4.984","X","International reliable sources",""
"OA","Annual population","143","Morocco","511","Total Population - Both sexes","3010","Population - Est. & Proj.","2013","2013","1000 persons","33715.703","X","International reliable sources",""
"OA","Annual population","143","Morocco","511","Total Population - Both sexes","3010","Population - Est. & Proj.","2017","2017","1000 persons","35581.255","X","International reliable sources",""
"OA","Annual population","144","Mozambique","511","Total Population - Both sexes","3010","Population - Est. & Proj.","2013","2013","1000 persons","25560.755","X","International reliable sources",""
"OA","Annual population","144","Mozambique","511","Total Population - Both sexes","3010","Population - Est. & Proj.","2017","2017","1000 persons","28649.018","X","International reliable sources",""
"OA","Annual population","28","Myanmar","511","Total Population - Both sexes","3010","Population - Est. & Proj.","2013","2013","1000 persons","51852.468","X","International reliable sources",""
"OA","Annual population","28","Myanmar","511","Total Population - Both sexes","3010","Population - Est. & Proj.","2017","2017","1000 persons","53382.523","X","International reliable sources",""
"OA","Annual population","147","Namibia","511","Total Population - Both sexes","3010","Population - Est. & Proj.","2013","2013","1000 persons","2233.508","X","International reliable sources",""
"OA","Annual population","147","Namibia","511","Total Population - Both sexes","3010","Population - Est. & Proj.","2017","2017","1000 persons","2402.633","X","International reliable sources",""
"OA","Annual population","148","Nauru","511","Total Population - Both sexes","3010","Population - Est. & Proj.","2013","2013","1000 persons","10.209","X","International reliable sources",""
"OA","Annual population","148","Nauru","511","Total Population - Both sexes","3010","Population - Est. & Proj.","2017","2017","1000 persons","10.573","X","International reliable sources",""
"OA","Annual population","149","Nepal","511","Total Population - Both sexes","3010","Population - Est. & Proj.","2013","2013","1000 persons","26916.793","X","International reliable sources",""
"OA","Annual population","149","Nepal","511","Total Population - Both sexes","3010","Population - Est. & Proj.","2017","2017","1000 persons","27632.681","X","International reliable sources",""
"OA","Annual population","150","Netherlands","511","Total Population - Both sexes","3010","Population - Est. & Proj.","2013","2013","1000 persons","16843.502","X","International reliable sources",""
"OA","Annual population","150","Netherlands","511","Total Population - Both sexes","3010","Population - Est. & Proj.","2017","2017","1000 persons","17021.347","X","International reliable sources",""
"OA","Annual population","151","Netherlands Antilles (former)","511","Total Population - Both sexes","3010","Population - Est. & Proj.","2013","2013","1000 persons","263.872","A","Aggregate, may include official, semi-official, estimated or calculated data",""
"OA","Annual population","151","Netherlands Antilles (former)","511","Total Population - Both sexes","3010","Population - Est. & Proj.","2017","2017","1000 persons","275.186","A","Aggregate, may include official, semi-official, estimated or calculated data",""
"OA","Annual population","153","New Caledonia","511","Total Population - Both sexes","3010","Population - Est. & Proj.","2013","2013","1000 persons","264.242","X","International reliable sources",""
"OA","Annual population","153","New Caledonia","511","Total Population - Both sexes","3010","Population - Est. & Proj.","2017","2017","1000 persons","277.15","X","International reliable sources",""
"OA","Annual population","156","New Zealand","511","Total Population - Both sexes","3010","Population - Est. & Proj.","2013","2013","1000 persons","4518.515","X","International reliable sources",""
"OA","Annual population","156","New Zealand","511","Total Population - Both sexes","3010","Population - Est. & Proj.","2017","2017","1000 persons","4702.034","X","International reliable sources",""
"OA","Annual population","157","Nicaragua","511","Total Population - Both sexes","3010","Population - Est. & Proj.","2013","2013","1000 persons","6062.457","X","International reliable sources",""
"OA","Annual population","157","Nicaragua","511","Total Population - Both sexes","3010","Population - Est. & Proj.","2017","2017","1000 persons","6384.846","X","International reliable sources",""
"OA","Annual population","158","Niger","511","Total Population - Both sexes","3010","Population - Est. & Proj.","2013","2013","1000 persons","18504.281","X","International reliable sources",""
"OA","Annual population","158","Niger","511","Total Population - Both sexes","3010","Population - Est. & Proj.","2017","2017","1000 persons","21602.382","X","International reliable sources",""
"OA","Annual population","159","Nigeria","511","Total Population - Both sexes","3010","Population - Est. & Proj.","2013","2013","1000 persons","171765.816","X","International reliable sources",""
"OA","Annual population","159","Nigeria","511","Total Population - Both sexes","3010","Population - Est. & Proj.","2017","2017","1000 persons","190873.244","X","International reliable sources",""
"OA","Annual population","160","Niue","511","Total Population - Both sexes","3010","Population - Est. & Proj.","2013","2013","1000 persons","1.612","X","International reliable sources",""
"OA","Annual population","160","Niue","511","Total Population - Both sexes","3010","Population - Est. & Proj.","2017","2017","1000 persons","1.609","X","International reliable sources",""
"OA","Annual population","154","North Macedonia","511","Total Population - Both sexes","3010","Population - Est. & Proj.","2013","2013","1000 persons","2076.067","X","International reliable sources",""
"OA","Annual population","154","North Macedonia","511","Total Population - Both sexes","3010","Population - Est. & Proj.","2017","2017","1000 persons","2081.996","X","International reliable sources",""
"OA","Annual population","163","Northern Mariana Islands","511","Total Population - Both sexes","3010","Population - Est. & Proj.","2013","2013","1000 persons","54.784","X","International reliable sources",""
"OA","Annual population","163","Northern Mariana Islands","511","Total Population - Both sexes","3010","Population - Est. & Proj.","2017","2017","1000 persons","56.562","X","International reliable sources",""
"OA","Annual population","162","Norway","511","Total Population - Both sexes","3010","Population - Est. & Proj.","2013","2013","1000 persons","5079.455","X","International reliable sources",""
"OA","Annual population","162","Norway","511","Total Population - Both sexes","3010","Population - Est. & Proj.","2017","2017","1000 persons","5296.326","X","International reliable sources",""
"OA","Annual population","221","Oman","511","Total Population - Both sexes","3010","Population - Est. & Proj.","2013","2013","1000 persons","3764.806","X","International reliable sources",""
"OA","Annual population","221","Oman","511","Total Population - Both sexes","3010","Population - Est. & Proj.","2017","2017","1000 persons","4665.928","X","International reliable sources",""
"OA","Annual population","165","Pakistan","511","Total Population - Both sexes","3010","Population - Est. & Proj.","2013","2013","1000 persons","191260.806","X","International reliable sources",""
"OA","Annual population","165","Pakistan","511","Total Population - Both sexes","3010","Population - Est. & Proj.","2017","2017","1000 persons","207906.209","X","International reliable sources",""
"OA","Annual population","180","Palau","511","Total Population - Both sexes","3010","Population - Est. & Proj.","2013","2013","1000 persons","17.606","X","International reliable sources",""
"OA","Annual population","180","Palau","511","Total Population - Both sexes","3010","Population - Est. & Proj.","2017","2017","1000 persons","17.808","X","International reliable sources",""
"OA","Annual population","299","Palestine","511","Total Population - Both sexes","3010","Population - Est. & Proj.","2013","2013","1000 persons","4333.523","X","International reliable sources",""
"OA","Annual population","299","Palestine","511","Total Population - Both sexes","3010","Population - Est. & Proj.","2017","2017","1000 persons","4747.227","X","International reliable sources",""
"OA","Annual population","166","Panama","511","Total Population - Both sexes","3010","Population - Est. & Proj.","2013","2013","1000 persons","3835.435","X","International reliable sources",""
"OA","Annual population","166","Panama","511","Total Population - Both sexes","3010","Population - Est. & Proj.","2017","2017","1000 persons","4106.769","X","International reliable sources",""
"OA","Annual population","168","Papua New Guinea","511","Total Population - Both sexes","3010","Population - Est. & Proj.","2013","2013","1000 persons","7788.38","X","International reliable sources",""
"OA","Annual population","168","Papua New Guinea","511","Total Population - Both sexes","3010","Population - Est. & Proj.","2017","2017","1000 persons","8438.036","X","International reliable sources",""
"OA","Annual population","169","Paraguay","511","Total Population - Both sexes","3010","Population - Est. & Proj.","2013","2013","1000 persons","6510.276","X","International reliable sources",""
"OA","Annual population","169","Paraguay","511","Total Population - Both sexes","3010","Population - Est. & Proj.","2017","2017","1000 persons","6867.061","X","International reliable sources",""
"OA","Annual population","170","Peru","511","Total Population - Both sexes","3010","Population - Est. & Proj.","2013","2013","1000 persons","29773.987","X","International reliable sources",""
"OA","Annual population","170","Peru","511","Total Population - Both sexes","3010","Population - Est. & Proj.","2017","2017","1000 persons","31444.298","X","International reliable sources",""
"OA","Annual population","171","Philippines","511","Total Population - Both sexes","3010","Population - Est. & Proj.","2013","2013","1000 persons","98871.555","X","International reliable sources",""
"OA","Annual population","171","Philippines","511","Total Population - Both sexes","3010","Population - Est. & Proj.","2017","2017","1000 persons","105172.925","X","International reliable sources",""
"OA","Annual population","173","Poland","511","Total Population - Both sexes","3010","Population - Est. & Proj.","2013","2013","1000 persons","38158.041","X","International reliable sources",""
"OA","Annual population","173","Poland","511","Total Population - Both sexes","3010","Population - Est. & Proj.","2017","2017","1000 persons","37953.18","X","International reliable sources",""
"OA","Annual population","174","Portugal","511","Total Population - Both sexes","3010","Population - Est. & Proj.","2013","2013","1000 persons","10473.021","X","International reliable sources",""
"OA","Annual population","174","Portugal","511","Total Population - Both sexes","3010","Population - Est. & Proj.","2017","2017","1000 persons","10288.527","X","International reliable sources",""
"OA","Annual population","177","Puerto Rico","511","Total Population - Both sexes","3010","Population - Est. & Proj.","2013","2013","1000 persons","3503.858","X","International reliable sources",""
"OA","Annual population","177","Puerto Rico","511","Total Population - Both sexes","3010","Population - Est. & Proj.","2017","2017","1000 persons","3163.667","X","International reliable sources",""
"OA","Annual population","179","Qatar","511","Total Population - Both sexes","3010","Population - Est. & Proj.","2013","2013","1000 persons","2336.574","X","International reliable sources",""
"OA","Annual population","179","Qatar","511","Total Population - Both sexes","3010","Population - Est. & Proj.","2017","2017","1000 persons","2724.728","X","International reliable sources",""
"OA","Annual population","117","Republic of Korea","511","Total Population - Both sexes","3010","Population - Est. & Proj.","2013","2013","1000 persons","50345.717","X","International reliable sources",""
"OA","Annual population","117","Republic of Korea","511","Total Population - Both sexes","3010","Population - Est. & Proj.","2017","2017","1000 persons","51096.415","X","International reliable sources",""
"OA","Annual population","146","Republic of Moldova","511","Total Population - Both sexes","3010","Population - Est. & Proj.","2013","2013","1000 persons","4074.591","X","International reliable sources",""
"OA","Annual population","146","Republic of Moldova","511","Total Population - Both sexes","3010","Population - Est. & Proj.","2017","2017","1000 persons","4059.684","X","International reliable sources",""
"OA","Annual population","182","Réunion","511","Total Population - Both sexes","3010","Population - Est. & Proj.","2013","2013","1000 persons","850.514","X","International reliable sources",""
"OA","Annual population","182","Réunion","511","Total Population - Both sexes","3010","Population - Est. & Proj.","2017","2017","1000 persons","876.134","X","International reliable sources",""
"OA","Annual population","183","Romania","511","Total Population - Both sexes","3010","Population - Est. & Proj.","2013","2013","1000 persons","20132.776","X","International reliable sources",""
"OA","Annual population","183","Romania","511","Total Population - Both sexes","3010","Population - Est. & Proj.","2017","2017","1000 persons","19653.969","X","International reliable sources",""
"OA","Annual population","185","Russian Federation","511","Total Population - Both sexes","3010","Population - Est. & Proj.","2013","2013","1000 persons","144325.449","X","International reliable sources",""
"OA","Annual population","185","Russian Federation","511","Total Population - Both sexes","3010","Population - Est. & Proj.","2017","2017","1000 persons","145530.082","X","International reliable sources",""
"OA","Annual population","184","Rwanda","511","Total Population - Both sexes","3010","Population - Est. & Proj.","2013","2013","1000 persons","10811.538","X","International reliable sources",""
"OA","Annual population","184","Rwanda","511","Total Population - Both sexes","3010","Population - Est. & Proj.","2017","2017","1000 persons","11980.961","X","International reliable sources",""
"OA","Annual population","282","Saint Barthélemy","511","Total Population - Both sexes","3010","Population - Est. & Proj.","2013","2013","1000 persons","9.537","X","International reliable sources",""
"OA","Annual population","282","Saint Barthélemy","511","Total Population - Both sexes","3010","Population - Est. & Proj.","2017","2017","1000 persons","9.784","X","International reliable sources",""
"OA","Annual population","187","Saint Helena, Ascension and Tristan da Cunha","511","Total Population - Both sexes","3010","Population - Est. & Proj.","2013","2013","1000 persons","5.584","X","International reliable sources",""
"OA","Annual population","187","Saint Helena, Ascension and Tristan da Cunha","511","Total Population - Both sexes","3010","Population - Est. & Proj.","2017","2017","1000 persons","6.008","X","International reliable sources",""
"OA","Annual population","188","Saint Kitts and Nevis","511","Total Population - Both sexes","3010","Population - Est. & Proj.","2013","2013","1000 persons","50.331","X","International reliable sources",""
"OA","Annual population","188","Saint Kitts and Nevis","511","Total Population - Both sexes","3010","Population - Est. & Proj.","2017","2017","1000 persons","52.045","X","International reliable sources",""
"OA","Annual population","189","Saint Lucia","511","Total Population - Both sexes","3010","Population - Est. & Proj.","2013","2013","1000 persons","177.513","X","International reliable sources",""
"OA","Annual population","189","Saint Lucia","511","Total Population - Both sexes","3010","Population - Est. & Proj.","2017","2017","1000 persons","180.954","X","International reliable sources",""
"OA","Annual population","190","Saint Pierre and Miquelon","511","Total Population - Both sexes","3010","Population - Est. & Proj.","2013","2013","1000 persons","6.173","X","International reliable sources",""
"OA","Annual population","190","Saint Pierre and Miquelon","511","Total Population - Both sexes","3010","Population - Est. & Proj.","2017","2017","1000 persons","5.887","X","International reliable sources",""
"OA","Annual population","191","Saint Vincent and the Grenadines","511","Total Population - Both sexes","3010","Population - Est. & Proj.","2013","2013","1000 persons","108.622","X","International reliable sources",""
"OA","Annual population","191","Saint Vincent and the Grenadines","511","Total Population - Both sexes","3010","Population - Est. & Proj.","2017","2017","1000 persons","109.827","X","International reliable sources",""
"OA","Annual population","281","Saint-Martin (French part)","511","Total Population - Both sexes","3010","Population - Est. & Proj.","2013","2013","1000 persons","36.453","X","International reliable sources",""
"OA","Annual population","281","Saint-Martin (French part)","511","Total Population - Both sexes","3010","Population - Est. & Proj.","2017","2017","1000 persons","36.56","X","International reliable sources",""
"OA","Annual population","244","Samoa","511","Total Population - Both sexes","3010","Population - Est. & Proj.","2013","2013","1000 persons","190.718","X","International reliable sources",""
"OA","Annual population","244","Samoa","511","Total Population - Both sexes","3010","Population - Est. & Proj.","2017","2017","1000 persons","195.352","X","International reliable sources",""
"OA","Annual population","192","San Marino","511","Total Population - Both sexes","3010","Population - Est. & Proj.","2013","2013","1000 persons","32.553","X","International reliable sources",""
"OA","Annual population","192","San Marino","511","Total Population - Both sexes","3010","Population - Est. & Proj.","2017","2017","1000 persons","33.671","X","International reliable sources",""
"OA","Annual population","193","Sao Tome and Principe","511","Total Population - Both sexes","3010","Population - Est. & Proj.","2013","2013","1000 persons","192.087","X","International reliable sources",""
"OA","Annual population","193","Sao Tome and Principe","511","Total Population - Both sexes","3010","Population - Est. & Proj.","2017","2017","1000 persons","207.089","X","International reliable sources",""
"OA","Annual population","194","Saudi Arabia","511","Total Population - Both sexes","3010","Population - Est. & Proj.","2013","2013","1000 persons","30052.059","X","International reliable sources",""
"OA","Annual population","194","Saudi Arabia","511","Total Population - Both sexes","3010","Population - Est. & Proj.","2017","2017","1000 persons","33101.179","X","International reliable sources",""
"OA","Annual population","195","Senegal","511","Total Population - Both sexes","3010","Population - Est. & Proj.","2013","2013","1000 persons","13782.424","X","International reliable sources",""
"OA","Annual population","195","Senegal","511","Total Population - Both sexes","3010","Population - Est. & Proj.","2017","2017","1000 persons","15419.355","X","International reliable sources",""
"OA","Annual population","272","Serbia","511","Total Population - Both sexes","3010","Population - Est. & Proj.","2013","2013","1000 persons","8918.904","X","International reliable sources",""
"OA","Annual population","272","Serbia","511","Total Population - Both sexes","3010","Population - Est. & Proj.","2017","2017","1000 persons","8829.628","X","International reliable sources",""
"OA","Annual population","196","Seychelles","511","Total Population - Both sexes","3010","Population - Est. & Proj.","2013","2013","1000 persons","93.395","X","International reliable sources",""
"OA","Annual population","196","Seychelles","511","Total Population - Both sexes","3010","Population - Est. & Proj.","2017","2017","1000 persons","96.418","X","International reliable sources",""
"OA","Annual population","197","Sierra Leone","511","Total Population - Both sexes","3010","Population - Est. & Proj.","2013","2013","1000 persons","6863.981","X","International reliable sources",""
"OA","Annual population","197","Sierra Leone","511","Total Population - Both sexes","3010","Population - Est. & Proj.","2017","2017","1000 persons","7488.423","X","International reliable sources",""
"OA","Annual population","200","Singapore","511","Total Population - Both sexes","3010","Population - Est. & Proj.","2013","2013","1000 persons","5453.737","X","International reliable sources",""
"OA","Annual population","200","Singapore","511","Total Population - Both sexes","3010","Population - Est. & Proj.","2017","2017","1000 persons","5708.041","X","International reliable sources",""
"OA","Annual population","280","Sint Maarten  (Dutch part)","511","Total Population - Both sexes","3010","Population - Est. & Proj.","2013","2013","1000 persons","37.583","X","International reliable sources",""
"OA","Annual population","280","Sint Maarten  (Dutch part)","511","Total Population - Both sexes","3010","Population - Est. & Proj.","2017","2017","1000 persons","41.444","X","International reliable sources",""
"OA","Annual population","199","Slovakia","511","Total Population - Both sexes","3010","Population - Est. & Proj.","2013","2013","1000 persons","5421.725","X","International reliable sources",""
"OA","Annual population","199","Slovakia","511","Total Population - Both sexes","3010","Population - Est. & Proj.","2017","2017","1000 persons","5447.9","X","International reliable sources",""
"OA","Annual population","198","Slovenia","511","Total Population - Both sexes","3010","Population - Est. & Proj.","2013","2013","1000 persons","2063.11","X","International reliable sources",""
"OA","Annual population","198","Slovenia","511","Total Population - Both sexes","3010","Population - Est. & Proj.","2017","2017","1000 persons","2076.394","X","International reliable sources",""
"OA","Annual population","25","Solomon Islands","511","Total Population - Both sexes","3010","Population - Est. & Proj.","2013","2013","1000 persons","571.336","X","International reliable sources",""
"OA","Annual population","25","Solomon Islands","511","Total Population - Both sexes","3010","Population - Est. & Proj.","2017","2017","1000 persons","636.039","X","International reliable sources",""
"OA","Annual population","201","Somalia","511","Total Population - Both sexes","3010","Population - Est. & Proj.","2013","2013","1000 persons","13063.701","X","International reliable sources",""
"OA","Annual population","201","Somalia","511","Total Population - Both sexes","3010","Population - Est. & Proj.","2017","2017","1000 persons","14589.179","X","International reliable sources",""
"OA","Annual population","202","South Africa","511","Total Population - Both sexes","3010","Population - Est. & Proj.","2013","2013","1000 persons","53687.121","X","International reliable sources",""
"OA","Annual population","202","South Africa","511","Total Population - Both sexes","3010","Population - Est. & Proj.","2017","2017","1000 persons","57009.756","X","International reliable sources",""
"OA","Annual population","277","South Sudan","511","Total Population - Both sexes","3010","Population - Est. & Proj.","2013","2013","1000 persons","10355.035","X","International reliable sources",""
"OA","Annual population","277","South Sudan","511","Total Population - Both sexes","3010","Population - Est. & Proj.","2017","2017","1000 persons","10910.763","X","International reliable sources",""
"OA","Annual population","203","Spain","511","Total Population - Both sexes","3010","Population - Est. & Proj.","2013","2013","1000 persons","46930.555","X","International reliable sources",""
"OA","Annual population","203","Spain","511","Total Population - Both sexes","3010","Population - Est. & Proj.","2017","2017","1000 persons","46647.428","X","International reliable sources",""
"OA","Annual population","38","Sri Lanka","511","Total Population - Both sexes","3010","Population - Est. & Proj.","2013","2013","1000 persons","20663.046","X","International reliable sources",""
"OA","Annual population","38","Sri Lanka","511","Total Population - Both sexes","3010","Population - Est. & Proj.","2017","2017","1000 persons","21128.032","X","International reliable sources",""
"OA","Annual population","276","Sudan","511","Total Population - Both sexes","3010","Population - Est. & Proj.","2013","2013","1000 persons","37072.55","X","International reliable sources",""
"OA","Annual population","276","Sudan","511","Total Population - Both sexes","3010","Population - Est. & Proj.","2017","2017","1000 persons","40813.397","X","International reliable sources",""
"OA","Annual population","207","Suriname","511","Total Population - Both sexes","3010","Population - Est. & Proj.","2013","2013","1000 persons","547.291","X","International reliable sources",""
"OA","Annual population","207","Suriname","511","Total Population - Both sexes","3010","Population - Est. & Proj.","2017","2017","1000 persons","570.496","X","International reliable sources",""
"OA","Annual population","210","Sweden","511","Total Population - Both sexes","3010","Population - Est. & Proj.","2013","2013","1000 persons","9618.016","X","International reliable sources",""
"OA","Annual population","210","Sweden","511","Total Population - Both sexes","3010","Population - Est. & Proj.","2017","2017","1000 persons","9904.896","X","International reliable sources",""
"OA","Annual population","211","Switzerland","511","Total Population - Both sexes","3010","Population - Est. & Proj.","2013","2013","1000 persons","8108.878","X","International reliable sources",""
"OA","Annual population","211","Switzerland","511","Total Population - Both sexes","3010","Population - Est. & Proj.","2017","2017","1000 persons","8455.804","X","International reliable sources",""
"OA","Annual population","212","Syrian Arab Republic","511","Total Population - Both sexes","3010","Population - Est. & Proj.","2013","2013","1000 persons","19578.461","X","International reliable sources",""
"OA","Annual population","212","Syrian Arab Republic","511","Total Population - Both sexes","3010","Population - Est. & Proj.","2017","2017","1000 persons","17095.678","X","International reliable sources",""
"OA","Annual population","208","Tajikistan","511","Total Population - Both sexes","3010","Population - Est. & Proj.","2013","2013","1000 persons","8059.769","X","International reliable sources",""
"OA","Annual population","208","Tajikistan","511","Total Population - Both sexes","3010","Population - Est. & Proj.","2017","2017","1000 persons","8880.268","X","International reliable sources",""
"OA","Annual population","216","Thailand","511","Total Population - Both sexes","3010","Population - Est. & Proj.","2013","2013","1000 persons","68144.518","X","International reliable sources",""
"OA","Annual population","216","Thailand","511","Total Population - Both sexes","3010","Population - Est. & Proj.","2017","2017","1000 persons","69209.81","X","International reliable sources",""
"OA","Annual population","176","Timor-Leste","511","Total Population - Both sexes","3010","Population - Est. & Proj.","2013","2013","1000 persons","1153.294","X","International reliable sources",""
"OA","Annual population","176","Timor-Leste","511","Total Population - Both sexes","3010","Population - Est. & Proj.","2017","2017","1000 persons","1243.258","X","International reliable sources",""
"OA","Annual population","217","Togo","511","Total Population - Both sexes","3010","Population - Est. & Proj.","2013","2013","1000 persons","6954.722","X","International reliable sources",""
"OA","Annual population","217","Togo","511","Total Population - Both sexes","3010","Population - Est. & Proj.","2017","2017","1000 persons","7698.474","X","International reliable sources",""
"OA","Annual population","218","Tokelau","511","Total Population - Both sexes","3010","Population - Est. & Proj.","2013","2013","1000 persons","1.187","X","International reliable sources","UNDESA, Population Division – World Population Prospects, the 2017 Revision"
"OA","Annual population","218","Tokelau","511","Total Population - Both sexes","3010","Population - Est. & Proj.","2017","2017","1000 persons","1.3","X","International reliable sources","UNDESA, Population Division – World Population Prospects, the 2017 Revision"
"OA","Annual population","219","Tonga","511","Total Population - Both sexes","3010","Population - Est. & Proj.","2013","2013","1000 persons","101.768","X","International reliable sources",""
"OA","Annual population","219","Tonga","511","Total Population - Both sexes","3010","Population - Est. & Proj.","2017","2017","1000 persons","101.998","X","International reliable sources",""
"OA","Annual population","220","Trinidad and Tobago","511","Total Population - Both sexes","3010","Population - Est. & Proj.","2013","2013","1000 persons","1353.703","X","International reliable sources",""
"OA","Annual population","220","Trinidad and Tobago","511","Total Population - Both sexes","3010","Population - Est. & Proj.","2017","2017","1000 persons","1384.059","X","International reliable sources",""
"OA","Annual population","222","Tunisia","511","Total Population - Both sexes","3010","Population - Est. & Proj.","2013","2013","1000 persons","10952.951","X","International reliable sources",""
"OA","Annual population","222","Tunisia","511","Total Population - Both sexes","3010","Population - Est. & Proj.","2017","2017","1000 persons","11433.443","X","International reliable sources",""
"OA","Annual population","223","Turkey","511","Total Population - Both sexes","3010","Population - Est. & Proj.","2013","2013","1000 persons","75925.462","X","International reliable sources",""
"OA","Annual population","223","Turkey","511","Total Population - Both sexes","3010","Population - Est. & Proj.","2017","2017","1000 persons","81116.45","X","International reliable sources",""
"OA","Annual population","213","Turkmenistan","511","Total Population - Both sexes","3010","Population - Est. & Proj.","2013","2013","1000 persons","5366.378","X","International reliable sources",""
"OA","Annual population","213","Turkmenistan","511","Total Population - Both sexes","3010","Population - Est. & Proj.","2017","2017","1000 persons","5757.667","X","International reliable sources",""
"OA","Annual population","224","Turks and Caicos Islands","511","Total Population - Both sexes","3010","Population - Est. & Proj.","2013","2013","1000 persons","34.731","X","International reliable sources",""
"OA","Annual population","224","Turks and Caicos Islands","511","Total Population - Both sexes","3010","Population - Est. & Proj.","2017","2017","1000 persons","37.115","X","International reliable sources",""
"OA","Annual population","227","Tuvalu","511","Total Population - Both sexes","3010","Population - Est. & Proj.","2013","2013","1000 persons","10.857","X","International reliable sources",""
"OA","Annual population","227","Tuvalu","511","Total Population - Both sexes","3010","Population - Est. & Proj.","2017","2017","1000 persons","11.37","X","International reliable sources",""
"OA","Annual population","226","Uganda","511","Total Population - Both sexes","3010","Population - Est. & Proj.","2013","2013","1000 persons","35694.519","X","International reliable sources",""
"OA","Annual population","226","Uganda","511","Total Population - Both sexes","3010","Population - Est. & Proj.","2017","2017","1000 persons","41166.588","X","International reliable sources",""
"OA","Annual population","230","Ukraine","511","Total Population - Both sexes","3010","Population - Est. & Proj.","2013","2013","1000 persons","45286.983","X","International reliable sources",""
"OA","Annual population","230","Ukraine","511","Total Population - Both sexes","3010","Population - Est. & Proj.","2017","2017","1000 persons","44487.709","X","International reliable sources",""
"OA","Annual population","225","United Arab Emirates","511","Total Population - Both sexes","3010","Population - Est. & Proj.","2013","2013","1000 persons","9197.91","X","International reliable sources",""
"OA","Annual population","225","United Arab Emirates","511","Total Population - Both sexes","3010","Population - Est. & Proj.","2017","2017","1000 persons","9487.203","X","International reliable sources",""
"OA","Annual population","229","United Kingdom of Great Britain and Northern Ireland","511","Total Population - Both sexes","3010","Population - Est. & Proj.","2013","2013","1000 persons","64984.018","X","International reliable sources",""
"OA","Annual population","229","United Kingdom of Great Britain and Northern Ireland","511","Total Population - Both sexes","3010","Population - Est. & Proj.","2017","2017","1000 persons","66727.461","X","International reliable sources",""
"OA","Annual population","215","United Republic of Tanzania","511","Total Population - Both sexes","3010","Population - Est. & Proj.","2013","2013","1000 persons","48483.129","X","International reliable sources",""
"OA","Annual population","215","United Republic of Tanzania","511","Total Population - Both sexes","3010","Population - Est. & Proj.","2017","2017","1000 persons","54660.339","X","International reliable sources",""
"OA","Annual population","231","United States of America","511","Total Population - Both sexes","3010","Population - Est. & Proj.","2013","2013","1000 persons","316400.538","X","International reliable sources",""
"OA","Annual population","231","United States of America","511","Total Population - Both sexes","3010","Population - Est. & Proj.","2017","2017","1000 persons","325084.756","X","International reliable sources",""
"OA","Annual population","240","United States Virgin Islands","511","Total Population - Both sexes","3010","Population - Est. & Proj.","2013","2013","1000 persons","105.303","X","International reliable sources",""
"OA","Annual population","240","United States Virgin Islands","511","Total Population - Both sexes","3010","Population - Est. & Proj.","2017","2017","1000 persons","104.751","X","International reliable sources",""
"OA","Annual population","234","Uruguay","511","Total Population - Both sexes","3010","Population - Est. & Proj.","2013","2013","1000 persons","3389.443","X","International reliable sources",""
"OA","Annual population","234","Uruguay","511","Total Population - Both sexes","3010","Population - Est. & Proj.","2017","2017","1000 persons","3436.641","X","International reliable sources",""
"OA","Annual population","235","Uzbekistan","511","Total Population - Both sexes","3010","Population - Est. & Proj.","2013","2013","1000 persons","29932.631","X","International reliable sources",""
"OA","Annual population","235","Uzbekistan","511","Total Population - Both sexes","3010","Population - Est. & Proj.","2017","2017","1000 persons","31959.785","X","International reliable sources",""
"OA","Annual population","155","Vanuatu","511","Total Population - Both sexes","3010","Population - Est. & Proj.","2013","2013","1000 persons","256.635","X","International reliable sources",""
"OA","Annual population","155","Vanuatu","511","Total Population - Both sexes","3010","Population - Est. & Proj.","2017","2017","1000 persons","285.51","X","International reliable sources",""
"OA","Annual population","236","Venezuela (Bolivarian Republic of)","511","Total Population - Both sexes","3010","Population - Est. & Proj.","2013","2013","1000 persons","29781.04","X","International reliable sources",""
"OA","Annual population","236","Venezuela (Bolivarian Republic of)","511","Total Population - Both sexes","3010","Population - Est. & Proj.","2017","2017","1000 persons","29402.484","X","International reliable sources",""
"OA","Annual population","237","Viet Nam","511","Total Population - Both sexes","3010","Population - Est. & Proj.","2013","2013","1000 persons","90752.592","X","International reliable sources",""
"OA","Annual population","237","Viet Nam","511","Total Population - Both sexes","3010","Population - Est. & Proj.","2017","2017","1000 persons","94600.648","X","International reliable sources",""
"OA","Annual population","243","Wallis and Futuna Islands","511","Total Population - Both sexes","3010","Population - Est. & Proj.","2013","2013","1000 persons","12.356","X","International reliable sources",""
"OA","Annual population","243","Wallis and Futuna Islands","511","Total Population - Both sexes","3010","Population - Est. & Proj.","2017","2017","1000 persons","11.9","X","International reliable sources",""
"OA","Annual population","205","Western Sahara","511","Total Population - Both sexes","3010","Population - Est. & Proj.","2013","2013","1000 persons","504.858","X","International reliable sources",""
"OA","Annual population","205","Western Sahara","511","Total Population - Both sexes","3010","Population - Est. & Proj.","2017","2017","1000 persons","552.615","X","International reliable sources",""
"OA","Annual population","249","Yemen","511","Total Population - Both sexes","3010","Population - Est. & Proj.","2013","2013","1000 persons","25147.109","X","International reliable sources",""
"OA","Annual population","249","Yemen","511","Total Population - Both sexes","3010","Population - Est. & Proj.","2017","2017","1000 persons","27834.819","X","International reliable sources",""
"OA","Annual population","251","Zambia","511","Total Population - Both sexes","3010","Population - Est. & Proj.","2013","2013","1000 persons","14926.544","X","International reliable sources",""
"OA","Annual population","251","Zambia","511","Total Population - Both sexes","3010","Population - Est. & Proj.","2017","2017","1000 persons","16853.599","X","International reliable sources",""
"OA","Annual population","181","Zimbabwe","511","Total Population - Both sexes","3010","Population - Est. & Proj.","2013","2013","1000 persons","13350.373","X","International reliable sources",""
"OA","Annual population","181","Zimbabwe","511","Total Population - Both sexes","3010","Population - Est. & Proj.","2017","2017","1000 persons","14236.595","X","International reliable sources",""
